{
    "Model HMDR (Positive)": 0.734375,
    "Model HMDR (Negative)": 0.6153846153846154,
    "Avi HMDR (Positive)": 0.7777777777777778,
    "Avi HMDR (Negative)": 0.7560975609756098,
    "Benny HMDR (Positive)": 0.7142857142857143,
    "Benny HMDR (Negative)": 0.7837837837837838,
    "Sigal HMDR (Positive)": 0.8775510204081632,
    "Sigal HMDR (Negative)": 0.7608695652173914,
    "Smadar HMDR (Positive)": 0.8,
    "Smadar HMDR (Negative)": 0.6808510638297872,
    "UDPP Model (Positive)": 0.2833333333333333,
    "UDPP Model (Negative)": 0.3333333333333333,
    "UDPP Avi (Positive)": 0.2,
    "UDPP Avi (Negative)": 0.16666666666666666,
    "UDPP Benny (Positive)": 0.3,
    "UDPP Benny (Negative)": 0.13333333333333333,
    "UDPP Sigal (Positive)": 0.1,
    "UDPP Sigal (Negative)": 0.18333333333333332,
    "UDPP Smadar (Positive)": 0.2,
    "UDPP Smadar (Negative)": 0.25,
    "UDPP STD Model (Positive)": 0.45061686115319244,
    "UDPP STD Model (Negative)": 0.5676462121975466,
    "UDPP STD Avi (Positive)": 0.4,
    "UDPP STD Avi (Negative)": 0.372677996249965,
    "UDPP STD Benny (Positive)": 0.49328828623162474,
    "UDPP STD Benny (Negative)": 0.3858612300930075,
    "UDPP STD Sigal (Positive)": 0.30000000000000004,
    "UDPP STD Sigal (Negative)": 0.3869395588747967,
    "UDPP STD Smadar (Positive)": 0.439696865275764,
    "UDPP STD Smadar (Negative)": 0.5041494487418058
}