{
    "Avi": [
        146,
        1.489795918367347,
        0.7725507441121511,
        4,
        0
    ],
    "Benny": [
        191,
        1.9489795918367347,
        1.0533953749234126,
        6,
        0
    ],
    "Sigal": [
        142,
        1.4489795918367347,
        0.8096667112194845,
        4,
        0
    ],
    "Smadar": [
        163,
        1.663265306122449,
        0.9577170724369235,
        5,
        0
    ],
    "Nitzan": [
        192,
        1.9591836734693877,
        0.8441680767325075,
        4,
        0
    ],
    "Model": [
        180,
        1.836734693877551,
        1.1666617084046085,
        6,
        0
    ]
}