{
    "Avi": [
        59,
        0.6020408163265306,
        0.6660850579741874,
        2,
        0
    ],
    "Benny": [
        80,
        0.8163265306122449,
        0.8249544053635811,
        3,
        0
    ],
    "Sigal": [
        67,
        0.6836734693877551,
        0.7504684084978325,
        3,
        0
    ],
    "Smadar": [
        68,
        0.6938775510204082,
        0.8132595447008684,
        3,
        0
    ],
    "Nitzan": [
        85,
        0.8673469387755102,
        0.8994074591600126,
        3,
        0
    ],
    "Model": [
        83,
        0.8469387755102041,
        0.951390398379715,
        4,
        0
    ]
}