{
    "Avi": [
        87,
        0.8877551020408163,
        0.754343248092907,
        3,
        0
    ],
    "Benny": [
        111,
        1.1326530612244898,
        0.8994074591600126,
        4,
        0
    ],
    "Sigal": [
        75,
        0.7653061224489796,
        0.739567170828044,
        3,
        0
    ],
    "Smadar": [
        95,
        0.9693877551020408,
        0.9417101425083643,
        4,
        0
    ],
    "Nitzan": [
        107,
        1.0918367346938775,
        0.8581747918369775,
        3,
        0
    ],
    "Model": [
        97,
        0.9897959183673469,
        0.942152311868336,
        3,
        0
    ]
}