{
    "Avi": [
        33,
        0.868421052631579,
        0.6947567780233729,
        2,
        0
    ],
    "Benny": [
        49,
        1.2894736842105263,
        0.9975732326855192,
        4,
        0
    ],
    "Sigal": [
        26,
        0.6842105263157895,
        0.7292845505553169,
        2,
        0
    ],
    "Smadar": [
        35,
        0.9210526315789473,
        0.8997537366988821,
        3,
        0
    ],
    "Model": [
        39,
        1.0263157894736843,
        0.9315194747593608,
        3,
        0
    ]
}