{
    "Avi": [
        51,
        1.3421052631578947,
        0.698732528807987,
        3,
        0
    ],
    "Benny": [
        91,
        2.3947368421052633,
        1.1130676832924526,
        6,
        1
    ],
    "Sigal": [
        47,
        1.236842105263158,
        0.5348000377079363,
        2,
        0
    ],
    "Smadar": [
        56,
        1.4736842105263157,
        0.6781104593013222,
        3,
        0
    ],
    "Model": [
        86,
        2.263157894736842,
        1.4811839241547669,
        8,
        0
    ]
}