{
    "Model HMDR (Positive)": 0.734375,
    "Model HMDR (Negative)": 0.6153846153846154,
    "Avi HMDR (Positive)": 0.7777777777777778,
    "Avi HMDR (Negative)": 0.7560975609756098,
    "Benny HMDR (Positive)": 0.6935483870967742,
    "Benny HMDR (Negative)": 0.7631578947368421,
    "Sigal HMDR (Positive)": 0.8571428571428571,
    "Sigal HMDR (Negative)": 0.8043478260869565,
    "Smadar HMDR (Positive)": 0.8,
    "Smadar HMDR (Negative)": 0.7021276595744681,
    "UDPP Model (Positive)": 0.2833333333333333,
    "UDPP Model (Negative)": 0.3333333333333333,
    "UDPP Avi (Positive)": 0.2,
    "UDPP Avi (Negative)": 0.16666666666666666,
    "UDPP Benny (Positive)": 0.31666666666666665,
    "UDPP Benny (Negative)": 0.15,
    "UDPP Sigal (Positive)": 0.11666666666666667,
    "UDPP Sigal (Negative)": 0.15,
    "UDPP Smadar (Positive)": 0.2,
    "UDPP Smadar (Negative)": 0.23333333333333334,
    "UDPP STD Model (Positive)": 0.45061686115319244,
    "UDPP STD Model (Negative)": 0.5676462121975466,
    "UDPP STD Avi (Positive)": 0.4,
    "UDPP STD Avi (Negative)": 0.372677996249965,
    "UDPP STD Benny (Positive)": 0.49972214501883166,
    "UDPP STD Benny (Negative)": 0.4010403138505322,
    "UDPP STD Sigal (Positive)": 0.32102267140430374,
    "UDPP STD Sigal (Negative)": 0.3570714214271425,
    "UDPP STD Smadar (Positive)": 0.439696865275764,
    "UDPP STD Smadar (Negative)": 0.46067583203617507
}