{
    "Avi": [
        41,
        0.6833333333333333,
        0.6950219820664347,
        2,
        0
    ],
    "Benny": [
        38,
        0.6333333333333333,
        0.682316316348624,
        2,
        0
    ],
    "Sigal": [
        46,
        0.7666666666666667,
        0.8239471396205517,
        3,
        0
    ],
    "Smadar": [
        47,
        0.7833333333333333,
        0.896133670584671,
        3,
        0
    ],
    "Model": [
        45,
        0.75,
        0.8490190417966686,
        3,
        0
    ]
}