{
    "effective_pairs": 30,
    "pairwise_agreement_per_detection": {
        "positive": 0.3950617283950617,
        "negative": 0.48,
        "all": 0.42748091603053434
    },
    "model_hmdr": {
        "positive": 0.3829787234042553,
        "negative": 0.41935483870967744
    },
    "model_udpp": {
        "positive_mean": 0.9666666666666667,
        "negative_mean": 0.6,
        "positive_std": 1.3287420951996498,
        "negative_std": 0.6633249580710799
    },
    "model_vs_human_detection_rate": {
        "positive": 0.6470588235294118,
        "negative": 0.631578947368421
    },
    "totals": {
        "agreements_pos": 16,
        "disagreements_pos": 49,
        "agreements_neg": 12,
        "disagreements_neg": 26,
        "model_preds_pos": 47,
        "model_preds_neg": 31,
        "human_total_pos": 34,
        "human_total_neg": 19
    }
}