{
    "Avi": [
        95,
        1.5833333333333333,
        0.8019074482479606,
        4,
        0
    ],
    "Benny": [
        100,
        1.6666666666666667,
        0.9067647005823628,
        4,
        0
    ],
    "Sigal": [
        95,
        1.5833333333333333,
        0.9181805680559547,
        4,
        0
    ],
    "Smadar": [
        107,
        1.7833333333333334,
        1.0815369721938417,
        5,
        0
    ],
    "Nitzan": [
        120,
        2.0,
        0.8755950357709131,
        4,
        0
    ],
    "Model": [
        116,
        1.9333333333333333,
        1.0624918300339483,
        5,
        0
    ]
}