{
    "Model HMDR (Positive)": 0.6875,
    "Model HMDR (Negative)": 0.6545454545454545,
    "Avi HMDR (Positive)": 0.8148148148148148,
    "Avi HMDR (Negative)": 0.8292682926829268,
    "Benny HMDR (Positive)": 0.7258064516129032,
    "Benny HMDR (Negative)": 0.7631578947368421,
    "Sigal HMDR (Positive)": 0.9183673469387755,
    "Sigal HMDR (Negative)": 0.8695652173913043,
    "Smadar HMDR (Positive)": 0.8666666666666667,
    "Smadar HMDR (Negative)": 0.8723404255319149,
    "Nitzan HMDR (Positive)": 0.8,
    "Nitzan HMDR (Negative)": 0.8181818181818182,
    "UDPP Model (Positive)": 0.3333333333333333,
    "UDPP Model (Negative)": 0.31666666666666665,
    "UDPP Avi (Positive)": 0.16666666666666666,
    "UDPP Avi (Negative)": 0.11666666666666667,
    "UDPP Benny (Positive)": 0.2833333333333333,
    "UDPP Benny (Negative)": 0.15,
    "UDPP Sigal (Positive)": 0.06666666666666667,
    "UDPP Sigal (Negative)": 0.1,
    "UDPP Smadar (Positive)": 0.13333333333333333,
    "UDPP Smadar (Negative)": 0.1,
    "UDPP Nitzan (Positive)": 0.21666666666666667,
    "UDPP Nitzan (Negative)": 0.16666666666666666,
    "UDPP STD Model (Positive)": 0.7673909622147561,
    "UDPP STD Model (Negative)": 0.6189148209209047,
    "UDPP STD Avi (Positive)": 0.372677996249965,
    "UDPP STD Avi (Negative)": 0.3210226714043038,
    "UDPP STD Benny (Positive)": 0.486198404860494,
    "UDPP STD Benny (Negative)": 0.4010403138505322,
    "UDPP STD Sigal (Positive)": 0.24944382578492943,
    "UDPP STD Sigal (Negative)": 0.30000000000000004,
    "UDPP STD Smadar (Positive)": 0.33993463423951903,
    "UDPP STD Smadar (Negative)": 0.3511884584284246,
    "UDPP STD Nitzan (Positive)": 0.45061686115319244,
    "UDPP STD Nitzan (Negative)": 0.37267799624996495
}