{
    "Model HMDR (Positive)": 0.4642857142857143,
    "Model HMDR (Negative)": 0.6333333333333333,
    "Avi HMDR (Positive)": 0.8787878787878788,
    "Avi HMDR (Negative)": 0.8888888888888888,
    "Benny HMDR (Positive)": 0.5714285714285714,
    "Benny HMDR (Negative)": 0.5476190476190477,
    "Sigal HMDR (Positive)": 0.9615384615384616,
    "Sigal HMDR (Negative)": 0.8095238095238095,
    "Smadar HMDR (Positive)": 0.8,
    "Smadar HMDR (Negative)": 0.8571428571428571,
    "UDPP Model (Positive)": 0.7894736842105263,
    "UDPP Model (Negative)": 0.2894736842105263,
    "UDPP Avi (Positive)": 0.10526315789473684,
    "UDPP Avi (Negative)": 0.05263157894736842,
    "UDPP Benny (Positive)": 0.5526315789473685,
    "UDPP Benny (Negative)": 0.5,
    "UDPP Sigal (Positive)": 0.02631578947368421,
    "UDPP Sigal (Negative)": 0.10526315789473684,
    "UDPP Smadar (Positive)": 0.18421052631578946,
    "UDPP Smadar (Negative)": 0.07894736842105263,
    "UDPP STD Model (Positive)": 1.3210421471590665,
    "UDPP STD Model (Negative)": 0.5082423135744203,
    "UDPP STD Avi (Positive)": 0.3068922049918579,
    "UDPP STD Avi (Negative)": 0.22329687826943606,
    "UDPP STD Benny (Positive)": 0.8174855035267928,
    "UDPP STD Benny (Negative)": 0.6786208925382962,
    "UDPP STD Sigal (Positive)": 0.16007269816574266,
    "UDPP STD Sigal (Negative)": 0.3068922049918579,
    "UDPP STD Smadar (Positive)": 0.4504537570690444,
    "UDPP STD Smadar (Negative)": 0.2696565991042
}