{
    "Avi": [
        18,
        0.47368421052631576,
        0.5954583420518296,
        2,
        0
    ],
    "Benny": [
        42,
        1.105263157894737,
        0.9400300578679869,
        3,
        0
    ],
    "Sigal": [
        21,
        0.5526315789473685,
        0.5937112722462358,
        2,
        0
    ],
    "Smadar": [
        21,
        0.5526315789473685,
        0.6364940327604118,
        2,
        0
    ],
    "Model": [
        30,
        0.7894736842105263,
        0.8321783316232577,
        2,
        0
    ]
}