{
    "Avi": [
        54,
        0.9,
        0.7895146188218009,
        3,
        0
    ],
    "Benny": [
        63,
        1.05,
        0.804673846971554,
        3,
        0
    ],
    "Sigal": [
        49,
        0.8166666666666667,
        0.7414325473178409,
        3,
        0
    ],
    "Smadar": [
        60,
        1.0,
        0.9660917830792959,
        4,
        0
    ],
    "Model": [
        64,
        1.0666666666666667,
        0.946337971105226,
        3,
        0
    ]
}