{
    "Avi": [
        41,
        0.6833333333333333,
        0.6950219820664347,
        2,
        0
    ],
    "Benny": [
        37,
        0.6166666666666667,
        0.6853628398317363,
        2,
        0
    ],
    "Sigal": [
        46,
        0.7666666666666667,
        0.8239471396205517,
        3,
        0
    ],
    "Smadar": [
        47,
        0.7833333333333333,
        0.896133670584671,
        3,
        0
    ],
    "Model": [
        52,
        0.8666666666666667,
        0.8653836657164781,
        3,
        0
    ]
}