{
    "Avi": [
        41,
        0.6833333333333333,
        0.6950219820664347,
        2,
        0
    ],
    "Benny": [
        38,
        0.6333333333333333,
        0.682316316348624,
        2,
        0
    ],
    "Sigal": [
        46,
        0.7666666666666667,
        0.8239471396205517,
        3,
        0
    ],
    "Smadar": [
        47,
        0.7833333333333333,
        0.896133670584671,
        3,
        0
    ],
    "Nitzan": [
        55,
        0.9166666666666666,
        0.8620067027323834,
        3,
        0
    ],
    "Model": [
        54,
        0.9,
        0.8504900548115383,
        3,
        0
    ]
}