{
    "Model HMDR (Positive)": 0.6666666666666666,
    "Model HMDR (Negative)": 0.7887323943661971,
    "Avi HMDR (Positive)": 0.8390804597701149,
    "Avi HMDR (Negative)": 0.847457627118644,
    "Benny HMDR (Positive)": 0.6846846846846847,
    "Benny HMDR (Negative)": 0.7625,
    "Sigal HMDR (Positive)": 0.9466666666666667,
    "Sigal HMDR (Negative)": 0.9104477611940298,
    "Smadar HMDR (Positive)": 0.8842105263157894,
    "Smadar HMDR (Negative)": 0.8970588235294118,
    "Nitzan HMDR (Positive)": 0.7663551401869159,
    "Nitzan HMDR (Negative)": 0.8235294117647058,
    "UDPP Model (Positive)": 0.3979591836734694,
    "UDPP Model (Negative)": 0.15306122448979592,
    "UDPP Avi (Positive)": 0.14285714285714285,
    "UDPP Avi (Negative)": 0.09183673469387756,
    "UDPP Benny (Positive)": 0.35714285714285715,
    "UDPP Benny (Negative)": 0.19387755102040816,
    "UDPP Sigal (Positive)": 0.04081632653061224,
    "UDPP Sigal (Negative)": 0.061224489795918366,
    "UDPP Smadar (Positive)": 0.11224489795918367,
    "UDPP Smadar (Negative)": 0.07142857142857142,
    "UDPP Nitzan (Positive)": 0.25510204081632654,
    "UDPP Nitzan (Negative)": 0.15306122448979592,
    "UDPP STD Model (Positive)": 0.6812323155295722,
    "UDPP STD Model (Negative)": 0.41285568008456963,
    "UDPP STD Avi (Positive)": 0.3499271061118826,
    "UDPP STD Avi (Negative)": 0.28879534077724295,
    "UDPP STD Benny (Positive)": 0.6267831705280087,
    "UDPP STD Benny (Negative)": 0.4439655085266753,
    "UDPP STD Sigal (Positive)": 0.19786448397617667,
    "UDPP STD Sigal (Negative)": 0.2397416351932802,
    "UDPP STD Smadar (Positive)": 0.31566751629098,
    "UDPP STD Smadar (Negative)": 0.29450754468697576,
    "UDPP STD Nitzan (Positive)": 0.5212078689437606,
    "UDPP STD Nitzan (Negative)": 0.3600465053954561
}