{
    "Avi": [
        54,
        0.9,
        0.7895146188218009,
        3,
        0
    ],
    "Benny": [
        62,
        1.0333333333333334,
        0.8158158833680277,
        3,
        0
    ],
    "Sigal": [
        49,
        0.8166666666666667,
        0.7414325473178409,
        3,
        0
    ],
    "Smadar": [
        60,
        1.0,
        0.9660917830792959,
        4,
        0
    ],
    "Nitzan": [
        65,
        1.0833333333333333,
        0.8224286527650219,
        3,
        0
    ],
    "Model": [
        70,
        1.1666666666666667,
        0.968962790249909,
        4,
        0
    ]
}